Code,Industry,Parent,Year,"Avg. monthly wage, MX$","Total wages, MX$",Employment,Firms,Revealed comparative advantage,Complexity,Distance
1111,"Oilseed, legume and cereal growing",Agriculture,2014,,20062.599609375,96.91999816894531,14,0.06593319028615952,-0.014369405806064606,0.6523137092590332
1112,Vegetable growing,Agriculture,2014,,165911.859375,696.4299926757812,13,0.1036599799990654,-0.013964386656880379,0.76217120885849
1113,Fruit and tree nut growing,Agriculture,2014,,6489.81982421875,42.869998931884766,6,0.022429080680012703,-0.04121159389615059,0.7298806309700012
1114,"Greenhouse and nursery growing, and floriculture",Agriculture,2014,,201762.84375,1284.320068359375,69,1.4642788171768188,-0.012171318754553795,0.6392226815223694
1119,Other crop growing,Agriculture,2014,,28603.060546875,245.52999877929688,27,0.03797987848520279,-0.02681620791554451,0.6863583922386169
1121,Cattle raising,Agriculture,2014,,71129.5625,403.5299987792969,42,0.12929095327854156,-0.019261673092842102,0.639041543006897
1122,Pig raising,Agriculture,2014,,51662.55078125,314.7799987792969,22,0.4190153181552887,-0.006157207768410444,0.4183129668235779
1123,Poultry raising,Agriculture,2014,,205095.109375,937,25,0.518828809261322,-0.0038827662356197834,0.4125114679336548
1124,Sheep and goat raising,Agriculture,2014,,63.77000045776367,1,1,0.018504727631807327,-0.002486646641045809,0.649642288684845
1125,Aquaculture,Agriculture,2014,,0,0,0,0,-0.0350060798227787,0.6540114283561707
1129,Other animal production,Agriculture,2014,,27994.19921875,184.9199981689453,20,0.7111771702766418,-0.016948916018009186,0.5147916078567505
1131,Silviculture,Agriculture,2014,,6755.76025390625,30.780000686645508,5,0.11629476398229599,-0.007685747463256121,0.5887683629989624
1132,Forest nurseries and gathering of forest products,Agriculture,2014,,13871.75,75.52000427246094,5,0.7325327396392822,-0.013564961031079292,0.5863478183746338
1133,Logging,Agriculture,2014,,1633.02001953125,20.299999237060547,1,0.11536633968353271,-0.015032601542770863,0.561776876449585
1141,Fishing,Agriculture,2014,,1749.8199462890625,10.960000038146973,1,0.009028518572449684,-0.03555674105882645,0.7568761706352234
1142,Hunting and trapping,Agriculture,2014,,0,0,0,0,0.018416674807667732,0.633528470993042
1151,Services related to agriculture,Agriculture,2014,,99873.2109375,509.75,33,0.18338654935359955,-0.023229168727993965,0.7847813367843628
1152,Services related to animal breeding and production,Agriculture,2014,,338022.90625,841.5899658203125,15,3.1530611515045166,-0.007587375584989786,0.3268948793411255
1153,Services related to forestry,Agriculture,2014,,2198.469970703125,23.549999237060547,9,0.12998464703559875,-0.006031339056789875,0.7574608325958252
2111,Oil and gas extraction,Mining & Oil,2014,,14653.259765625,128.4300079345703,4,0.511090874671936,-0.007570493035018444,0.5667327642440796
2121,Coal mining,Mining & Oil,2014,,0,0,0,0,0.042593907564878464,0.8467491865158081
2122,Metallic ore mining,Mining & Oil,2014,,4563.7900390625,8.380000114440918,5,0.006168432533740997,-0.025143401697278023,1
2123,Nonmetallic ore mining,Mining & Oil,2014,,189009.109375,837.4099731445312,63,0.5158963799476624,-0.01121826283633709,0.593116044998169
2131,Services related to mining,Mining & Oil,2014,,350842.78125,776.9500122070312,13,0.2804469168186188,0.0025421108584851027,0.6282244920730591
2211,"Electric power generation, transmission and distribution","Utilities, Transport & Communications",2014,,2601235.25,3494.97998046875,77,0.4610236585140228,-0.020726457238197327,0.6429551839828491
2221,"Water collection, treatment and supply","Utilities, Transport & Communications",2014,,90438.96875,665.4400024414062,54,0.18875254690647125,-0.005485255271196365,0.6946972608566284
2222,Gas supply through mains to final consumers,"Utilities, Transport & Communications",2014,,22450.439453125,138.27999877929688,10,3.1724319458007812,0.049421776086091995,0.5445788502693176
2361,Residential building construction,Manufacturing & Construction,2014,,1649218.375,7635.47998046875,386,0.9323574304580688,0.009688032791018486,0.5324834585189819
2362,Nonresidential building construction,Manufacturing & Construction,2014,,4014709.5,20564.740234375,1720,0.6752259731292725,-0.017836887389421463,0.5999254584312439
2371,"Construction works for water, oil, gas, electric power and telecommunications supply",Manufacturing & Construction,2014,,894789.3125,3500.239990234375,262,0.8984076380729675,-0.024858543649315834,0.5707004070281982
2372,Land division and urbanization works,Manufacturing & Construction,2014,,297648.78125,1985.780029296875,264,0.6577551364898682,-0.019860727712512016,0.6111528873443604
2373,"Construction of roads, highways and similar works",Manufacturing & Construction,2014,,402967.71875,1996.989990234375,166,0.7528910636901855,-0.021070631220936775,0.6471430063247681
2379,Other civil engineering construction,Manufacturing & Construction,2014,,2008248.875,13327.2099609375,1212,0.8596288561820984,-0.02290867269039154,0.5756918787956238
2381,"Foundations, prefabricated structures assembly and exterior construction works",Manufacturing & Construction,2014,,778514.625,4716.5,403,1.254482626914978,-0.007634086534380913,0.5574355125427246
2382,Building installations and equipment,Manufacturing & Construction,2014,,2161190.5,11734.5400390625,1183,1.5341219902038574,0.025813713669776917,0.5214653611183167
2383,Building finishing works,Manufacturing & Construction,2014,,341568.4375,2821.909912109375,419,1.399800419807434,0.02106594853103161,0.5600858926773071
2389,Other specialized construction works,Manufacturing & Construction,2014,,1240711.5,8078.64990234375,786,0.8548405170440674,-0.009124819189310074,0.5187779664993286
3111,Animal food manufacturing,Manufacturing & Construction,2014,,632114.875,1307.5399169921875,36,1.5152795314788818,-0.0022359583526849747,0.4809421896934509
3112,"Grain and seed milling, and fats and oils manufacturing",Manufacturing & Construction,2014,,509761.5625,1376.77001953125,26,0.7925045490264893,-0.005625630263239145,0.47851133346557617
3113,"Sugar, chocolate, candies and similar products manufacturing",Manufacturing & Construction,2014,,829860.875,3139.2099609375,57,0.7035029530525208,0.008277414366602898,0.3978567123413086
3114,"Fruits, vegetables and prepared meals preserving",Manufacturing & Construction,2014,,1160808.375,2761.0400390625,16,1.3005198240280151,-0.012381157837808132,0.6701853275299072
3115,Dairy products manufacturing,Manufacturing & Construction,2014,,3787955.5,8650.560546875,90,2.4067468643188477,-0.0004529844445642084,0.6038045883178711
3116,"Livestock, poultry and other edible animals slaughtering, packaging and processing",Manufacturing & Construction,2014,,1507121.125,4735,79,1.5096930265426636,-0.005161253269761801,0.48517102003097534
3117,Seafood preparation and packaging,Manufacturing & Construction,2014,,3749.830078125,4.230000019073486,2,0.015254024416208267,0.00044673163210973144,0.9185975790023804
3118,Bakery products and tortilla manufacturing,Manufacturing & Construction,2014,,5700199,16723.099609375,773,1.4934055805206299,-0.025611745193600655,0.6669188737869263
3119,Other food manufacturing,Manufacturing & Construction,2014,,4833693.5,13473.0498046875,379,1.6015313863754272,-0.01801580935716629,0.5565404891967773
3121,Beverage industry,Manufacturing & Construction,2014,,3592893.75,8823.7998046875,114,1.0916460752487183,-0.023170212283730507,0.6385459899902344
3122,Tobacco industry,Manufacturing & Construction,2014,,17712.5390625,29.81999969482422,2,0.09490186721086502,0.051165755838155746,0.7353177666664124
3131,"Textile fibers preparation and spinning, and thread and yarn manufacturing",Manufacturing & Construction,2014,,2086861.25,7372.08984375,59,2.930577039718628,0.06215141713619232,0.2126370072364807
3132,Fabrics manufacturing,Manufacturing & Construction,2014,,710780.3125,2826.64990234375,49,2.2788007259368896,0.07365646958351135,0.2598873972892761
3133,Textile products finishing and coated fabrics manufacturing,Manufacturing & Construction,2014,,651003.4375,2730.309814453125,61,2.5191893577575684,0.03394805267453194,0.24396783113479614
3141,"Rugs, linens and similar products confectioning",Manufacturing & Construction,2014,,492924.75,2356.75,35,3.8467326164245605,0.03699941188097,0.3971841335296631
3149,"Other textile products manufacturing, except apparel",Manufacturing & Construction,2014,,77860.4453125,568.7900390625,62,0.5503214597702026,0.05615298077464104,0.4217952489852905
3151,Knitted apparel manufacturing,Manufacturing & Construction,2014,,547612.125,2803.330078125,67,2.1039178371429443,0.026466084644198418,0.25199878215789795
3152,Cut and sew apparel manufacturing,Manufacturing & Construction,2014,,2033246.875,11807.6103515625,571,1.4297837018966675,0.011693739332258701,0.3449816107749939
3159,"Cut and sew apparel accessories and other apparel manufacturing, not elsewhere classified",Manufacturing & Construction,2014,,1123825.625,5645.76025390625,231,0.969635009765625,0.010066420771181583,0.2120611071586609
3161,Leather and fur tanning and finishing,Manufacturing & Construction,2014,,2426.25,24.959999084472656,4,0.03774867579340935,0.06193462386727333,0.4945889115333557
3162,Footwear manufacturing,Manufacturing & Construction,2014,,433735.65625,2240.360107421875,87,0.3556494116783142,0.03935748338699341,0.29389405250549316
3169,"Manufacturing of other leather, fur and allied materials products",Manufacturing & Construction,2014,,22752.759765625,119.32999420166016,13,0.7069153785705566,0.02764918841421604,0.41987067461013794
3211,Wood sawing and preservation,Manufacturing & Construction,2014,,31346.541015625,221.94000244140625,25,1.2544453144073486,-0.02454872615635395,0.7514479756355286
3212,Wood laminates and fiberboard manufacturing,Manufacturing & Construction,2014,,209391.203125,628.7900390625,10,2.7994418144226074,0.02233300171792507,0.42974960803985596
3219,Other wood products manufacturing,Manufacturing & Construction,2014,,354360.375,2254.919921875,222,0.944607138633728,0.02317122370004654,0.5235480070114136
3221,"Pulp, paper and paperboard manufacturing",Manufacturing & Construction,2014,,2154889,5630.2001953125,32,3.4435536861419678,0.08344743400812149,0.40502065420150757
3222,Paperboard and paper products manufacturing,Manufacturing & Construction,2014,,3279065,11357.7802734375,180,2.4534225463867188,0.08904758840799332,0.40873801708221436
3231,Printing and related industries,Manufacturing & Construction,2014,,2574356.25,8407.4306640625,432,1.5554397106170654,0.12189503759145737,0.43513208627700806
3241,Manufacturing of products derived from petroleum and coal,Manufacturing & Construction,2014,,445072.5625,1533.4000244140625,71,1.31679105758667,-0.006301652640104294,0.593690037727356
3251,Basic chemical products manufacturing,Manufacturing & Construction,2014,,1045088.8125,2600.289794921875,76,1.9139049053192139,0.05697324126958847,0.3301107883453369
3252,"Synthetic resins and rubbers, and chemical fibers manufacturing",Manufacturing & Construction,2014,,680269.8125,1926.8699951171875,56,2.6593568325042725,0.06780170649290085,0.4505348205566406
3253,"Fertilizers, pesticides and other agrochemical products manufacturing",Manufacturing & Construction,2014,,188015.546875,601.8699951171875,13,1.4769082069396973,0.005321587901562452,0.5997170209884644
3254,Pharmaceutical products manufacturing,Manufacturing & Construction,2014,,6134835,11209.6298828125,68,2.637068271636963,0.06130233407020569,0.31041276454925537
3255,"Paints, coatings, and adhesives manufacturing",Manufacturing & Construction,2014,,1482377.5,3557.25,99,2.973478078842163,0.14524763822555542,0.49536561965942383
3256,"Soaps, cleaners and toilet preparations manufacturing",Manufacturing & Construction,2014,,6597184.5,9870.4501953125,105,3.6128742694854736,0.04475460201501846,0.2317402958869934
3259,Other chemical products manufacturing,Manufacturing & Construction,2014,,2215447,4565.6201171875,134,2.7243778705596924,0.07404438406229019,0.28200197219848633
3261,Plastic products manufacturing,Manufacturing & Construction,2014,,8096016.5,28762.380859375,593,2.4591777324676514,0.1026565432548523,0.36978447437286377
3262,Rubber products manufacturing,Manufacturing & Construction,2014,,987906.75,3487.52001953125,90,2.066842555999756,0.09326747059822083,0.3345681428909302
3271,Manufacturing of products based on clays and refractory minerals,Manufacturing & Construction,2014,,106739.265625,630.1499633789062,45,0.46429669857025146,0.05601144954562187,0.38957923650741577
3272,Glass and glass products manufacturing,Manufacturing & Construction,2014,,1313448.875,3157.5,36,2.419532060623169,0.0708334669470787,0.4657236933708191
3273,Cement and concrete products manufacturing,Manufacturing & Construction,2014,,777678.5,2130.969970703125,71,1.1743181943893433,0.0047049084678292274,0.5262037515640259
3274,"Lime, gypsum and gypsum products manufacturing",Manufacturing & Construction,2014,,75486.546875,235.6800079345703,6,0.7098939418792725,0.031773678958415985,0.4833487272262573
3279,Other nonmetallic mineral products manufacturing,Manufacturing & Construction,2014,,494997.65625,1172.3900146484375,40,2.162135362625122,0.019795875996351242,0.4757038950920105
3311,Iron and steel basic industry,Manufacturing & Construction,2014,,253676.921875,767.4000244140625,19,0.5635796189308167,0.10243440419435501,0.6187978982925415
3312,Iron and steel products manufacturing,Manufacturing & Construction,2014,,1308792.25,3853.2099609375,141,1.2427326440811157,0.0978429839015007,0.47470831871032715
3313,Aluminum basic industry,Manufacturing & Construction,2014,,533577.1875,1670.800048828125,44,3.336367607116699,0.09590310603380203,0.3959397077560425
3314,"Nonferrous metal industry, except aluminum",Manufacturing & Construction,2014,,504097,1637.25,27,2.18432879447937,0.09066519141197205,0.9035638570785522
3315,Metal parts molding by casting,Manufacturing & Construction,2014,,719734.375,2371.97998046875,141,1.3992363214492798,0.0449407584965229,0.45379185676574707
3321,Forged and stamped metal products manufacturing,Manufacturing & Construction,2014,,219452.109375,1350.489990234375,135,1.2200268507003784,0.11370770633220673,0.33543771505355835
3322,Nonpowered hand tools and metal kitchen utensils manufacturing,Manufacturing & Construction,2014,,50367.76953125,284.92999267578125,16,2.175934076309204,0.0722760558128357,0.5447503328323364
3323,Metal structures and iron works products manufacturing,Manufacturing & Construction,2014,,1111234.875,6062.47021484375,422,1.7058719396591187,0.028044812381267548,0.36941200494766235
3324,"Boilers, tanks and metal containers manufacturing",Manufacturing & Construction,2014,,573801.875,1584.780029296875,34,2.780613422393799,0.05057409778237343,0.3574656844139099
3325,Metal fittings and locks manufacturing,Manufacturing & Construction,2014,,161550.953125,1139.949951171875,121,1.1746670007705688,0.018764641135931015,0.4586784839630127
3326,"Wire, wire products and springs manufacturing",Manufacturing & Construction,2014,,208111.765625,745.260009765625,37,1.5663502216339111,0.11092663556337357,0.46261173486709595
3327,Metal parts machining and screws manufacturing,Manufacturing & Construction,2014,,234619.15625,1296.760009765625,178,1.1410852670669556,0.08332201093435287,0.36171215772628784
3328,Metal coating and finishings,Manufacturing & Construction,2014,,62620.9296875,309.54998779296875,35,0.8492435812950134,0.1157820075750351,0.43920618295669556
3329,Other metal products manufacturing,Manufacturing & Construction,2014,,7514694.5,24413.83984375,627,1.0887222290039062,0.11367690563201904,0.5134686231613159
3331,"Agricultural, construction and extractive industry machinery and equipment manufacturing",Manufacturing & Construction,2014,,8040.35009765625,52.27000045776367,11,0.18294334411621094,-0.007445659954100847,0.3168860673904419
3332,"Industrial machinery and equipment manufacturing, except metalworking",Manufacturing & Construction,2014,,1051219,3068.909912109375,169,0.7591577768325806,0.1335037350654602,0.5132396817207336
3333,Commercial and service industry machinery and equipment manufacturing,Manufacturing & Construction,2014,,194656.953125,799.2100219726562,32,1.295247197151184,0.07596448808908463,0.501183032989502
3334,"Air conditioning, heating, and industrial and commercial refrigeration equipment manufacturing",Manufacturing & Construction,2014,,443989.90625,1357.4200439453125,66,0.8169559240341187,0.10007544606924057,0.501274824142456
3335,Metalworking industry machinery and equipment manufacturing,Manufacturing & Construction,2014,,53706.78125,281.260009765625,39,1.43022882938385,0.06943196058273315,0.3889814019203186
3336,"Internal combustion engines, turbines and power transmissions manufacturing",Manufacturing & Construction,2014,,79615.625,278.70001220703125,13,0.50055330991745,0.22260528802871704,0.5198884010314941
3339,Other general purpose machinery and equipment manufacturing,Manufacturing & Construction,2014,,1161947.5,3675.97998046875,233,0.8591068387031555,0.09970840811729431,0.46243345737457275
3341,Computer and peripheral equipment manufacturing,Manufacturing & Construction,2014,,0,0,0,0,0.177287757396698,0.8409460783004761
3342,Communications equipment manufacturing,Manufacturing & Construction,2014,,251778.125,1017.9099731445312,14,0.2593052387237549,0.16326454281806946,0.6592552661895752
3343,Audio and video equipment manufacturing,Manufacturing & Construction,2014,,0,0,0,0,0.3315371870994568,0.812136709690094
3344,Electronic components manufacturing,Manufacturing & Construction,2014,,156454.34375,499.9000244140625,8,0.14918723702430725,0.17839589715003967,0.6474173069000244
3345,"Manufacturing of measuring, control, navigation instruments and electronic medical equipment manufacturing",Manufacturing & Construction,2014,,7240.83984375,48.18000030517578,7,0.1824595183134079,0.11720190942287445,0.9013919234275818
3346,Manufacturing and reproducing magnetic and optical media,Manufacturing & Construction,2014,,9107.060546875,32.2400016784668,4,2.8917689323425293,0.09225542098283768,0.5993708372116089
3351,Lighting accessories manufacturing,Manufacturing & Construction,2014,,19856.30078125,101.96000671386719,9,0.8187718987464905,0.15438345074653625,0.8498756885528564
3352,Household electrical appliances manufacturing,Manufacturing & Construction,2014,,691542.6875,1356.0899658203125,8,0.6041550636291504,0.17211301624774933,0.5220296382904053
3353,Electric power generation and distribution equipment manufacturing,Manufacturing & Construction,2014,,726912.25,2219.68994140625,52,0.7363886833190918,0.16332866251468658,0.5294675827026367
3359,Other electrical equipment and accessories manufacturing,Manufacturing & Construction,2014,,889097.5625,3240.93994140625,74,0.31209567189216614,0.10504502058029175,0.6744347810745239
3361,Automobiles and trucks manufacturing,Manufacturing & Construction,2014,,7220143,9990.48046875,23,1.4973866939544678,0.13971836864948273,0.5899803638458252
3362,Motor vehicle bodies and trailers manufacturing,Manufacturing & Construction,2014,,672434.3125,2288.469970703125,49,2.442246675491333,0.028534559532999992,0.2636696696281433
3363,Motor vehicle parts manufacturing,Manufacturing & Construction,2014,,7347962,19146.189453125,123,0.6560485363006592,0.08278793841600418,0.4580115079879761
3364,Aerospace equipment manufacturing,Manufacturing & Construction,2014,,226,14.890000343322754,1,0.06922585517168045,0.16198144853115082,0.7701547145843506
3365,Railroad equipment manufacturing,Manufacturing & Construction,2014,,150182.53125,261.57000732421875,5,0.3822951316833496,0.08279072493314743,0.9297559857368469
3366,Ship and boat manufacturing,Manufacturing & Construction,2014,,0,0,0,0,-0.0275568887591362,0.9050037860870361
3369,Other transportation equipment manufacturing,Manufacturing & Construction,2014,,9474.9208984375,67.86000061035156,11,0.36287879943847656,0.07678971439599991,0.6469012498855591
3371,"Furniture manufacturing, except office furniture and shelving",Manufacturing & Construction,2014,,887892.5,4517.93994140625,179,1.4886767864227295,0.036988068372011185,0.3749605417251587
3372,Office furniture and shelving manufacturing,Manufacturing & Construction,2014,,202496.59375,1001.489990234375,46,1.3415457010269165,0.0724019706249237,0.42167192697525024
3379,"Mattresses, blinds and curtain rods manufacturing",Manufacturing & Construction,2014,,444912.28125,1450.6400146484375,24,4.022119045257568,0.12933394312858582,0.3946806788444519
3391,"Manufacturing of nonelectronic medical, dental and laboratory equipment and disposable material, and ophthalmic goods manufacturing",Manufacturing & Construction,2014,,279838.125,1214.2099609375,86,0.20812667906284332,0.1432054191827774,0.6276309490203857
3399,Other manufacturing industries,Manufacturing & Construction,2014,,4317836,15884.5,497,0.9634362459182739,0.1226034015417099,0.45249050855636597
4311,Wholesale trade of groceries and food,Commerce,2014,,2921990.5,12809.76953125,690,0.8078219890594482,-0.023603076115250587,0.6661689281463623
4312,"Wholesale of beverages, ice and tobacco",Commerce,2014,,4061638.25,10170.75,132,1.8046458959579468,-0.034342385828495026,0.6404644846916199
4321,Wholesale trade of textile products and footwear,Commerce,2014,,1541547.75,8104.35986328125,439,1.8106286525726318,0.014216150157153606,0.21914345026016235
4331,Wholesale trade of pharmaceutical products,Commerce,2014,,3109212.75,6479.64990234375,211,1.9073262214660645,-0.024130763486027718,0.5535986423492432
4332,"Wholesale trade of perfumery products, cosmetics and jewelry",Commerce,2014,,167603.125,649.469970703125,56,1.0004373788833618,-0.003833022667095065,0.6555579900741577
4333,"Wholesale trade of records, toys and sporting goods",Commerce,2014,,72511.0390625,397.3299865722656,57,1.017282247543335,0.013120835646986961,0.4216740131378174
4334,"Wholesale trade of stationery supplies, books, magazines and newspapers",Commerce,2014,,259364.8125,921.219970703125,76,1.4122860431671143,-0.00019758580310735852,0.7372483015060425
4335,Wholesale trade of small and major household appliances,Commerce,2014,,218187.1875,518.5,37,1.6834319829940796,-0.0005124969175085425,0.533015251159668
4341,Wholesale trade of agricultural and forestry raw materials,Commerce,2014,,294049.03125,1351.18994140625,162,0.6781262159347534,-0.026460837572813034,0.6345601677894592
4342,Wholesale trade of industrial raw materials,Commerce,2014,,7136201,27426.609375,2321,1.0825363397598267,-0.005754503887146711,0.6392998695373535
4343,Wholesale trade of waste materials,Commerce,2014,,906722.3125,5415.22998046875,431,2.0115795135498047,0.04992343857884407,0.3730955123901367
4351,"Wholesale trade of agricultural, forestry and fishing machinery and equipment",Commerce,2014,,84913.75,364.2699890136719,24,0.40950310230255127,-0.021442633122205734,0.6337214708328247
4352,Wholesale trade of industrial machinery and equipment,Commerce,2014,,1889745.875,5126.8798828125,475,1.3510617017745972,0.03489743173122406,0.5226825475692749
4353,Wholesale trade of commercial and service industry machinery and equipment,Commerce,2014,,714760.6875,3154.85986328125,331,1.48446524143219,0.052309125661849976,0.5525439977645874
4354,"Wholesale trade of computer and office furniture and equipment, and other general purpose machinery and equipment",Commerce,2014,,992296.8125,4638.43994140625,445,1.0963293313980103,0.00958226714283228,0.46460574865341187
4361,"Wholesale trade of trucks and new parts for automobiles, pickup trucks and trucks",Commerce,2014,,256984.421875,782.5900268554688,21,2.760673761367798,0.04776114597916603,0.4623768925666809
4371,"Wholesale trade intermediation, except through Internet and other electronic media",Commerce,2014,,2803864.5,11008.6103515625,832,1.250474214553833,0.06763537228107452,0.3584630489349365
4372,Wholesale trade intermediation exclusively through Internet and other electronic media,Commerce,2014,,241269.4375,941.5199584960938,31,2.9289116859436035,-0.009298098273575306,0.7276591062545776
4611,Retail trade of groceries and food,Commerce,2014,,1963936.25,14177.91015625,2327,0.6146408915519714,-0.025834903120994568,0.6537315845489502
4612,"Retail trade of beverages, ice and tobacco",Commerce,2014,,279561.25,1473.81005859375,80,1.285393476486206,-0.02469996176660061,0.7006442546844482
4621,Retail trade in self-service shops,Commerce,2014,,551478.5625,1914.6199951171875,158,0.24737109243869781,-0.003397083841264248,0.5149593949317932
4622,Retail trade in department stores,Commerce,2014,,2083158.25,9724.1201171875,76,1.2613940238952637,-0.03325112536549568,0.6574341058731079
4631,"Retail trade of textile products, except apparel",Commerce,2014,,346269.46875,2602.050048828125,185,1.1035555601119995,-0.0329153798520565,0.6313151121139526
4632,"Retail trade of apparel, costume jewelry and clothing accessories",Commerce,2014,,1280618.125,6587.9501953125,527,1.2612738609313965,-0.03131074830889702,0.6704503297805786
4633,Retail trade of footwear,Commerce,2014,,306318.59375,2103.260009765625,321,0.7045871615409851,-0.03126169741153717,0.6293079853057861
4641,Retail trade of health care items,Commerce,2014,,984343.8125,4618.97021484375,589,0.658058226108551,-0.0300213024020195,0.6524484157562256
4651,Retail trade of perfumery and jewelry products,Commerce,2014,,302224.09375,2036.969970703125,152,0.7831212282180786,-0.02703242376446724,0.6301611661911011
4652,Retail trade of recreational goods,Commerce,2014,,145818.484375,867.8300170898438,150,0.6307194828987122,-0.023660773411393166,0.5943987369537354
4653,"Retail trade of stationery supplies, books, magazines and newspapers",Commerce,2014,,389887.90625,2407.47998046875,401,0.7595499157905579,-0.03076973557472229,0.6313281059265137
4659,"Retail of pets, gifts, religious, disposable and other personal goods",Commerce,2014,,253379.9375,1098.1500244140625,250,0.5407149791717529,-0.02168731391429901,0.6724520921707153
4661,Retail trade of household furniture and other household goods,Commerce,2014,,554147.0625,3621.18994140625,483,0.9092127084732056,-0.023530710488557816,0.6295506358146667
4662,"Retail trade of computer furniture, equipment and accessories; telephones and other communication devices",Commerce,2014,,484109.46875,2522.8701171875,416,0.721466600894928,-0.013695254921913147,0.6389423608779907
4663,Retail trade of interior decorative articles,Commerce,2014,,372993.71875,1858.1500244140625,205,0.9291395545005798,-0.004427304491400719,0.6617819666862488
4664,Retail trade of used goods,Commerce,2014,,5038.16015625,29.279998779296875,6,0.3217497766017914,0.017272617667913437,0.7064473032951355
4671,Retail trade of hardware and glass,Commerce,2014,,2899520.25,13721.150390625,1935,1.1618058681488037,-0.029476594179868698,0.6496932506561279
4681,Retail trade of automobiles and pickup trucks,Commerce,2014,,1561089.5,3865.300048828125,127,1.103939175605774,-0.0083882762119174,0.5708273649215698
4682,"Retail trade of parts for automobiles, pickup trucks and trucks",Commerce,2014,,2454627.25,10255.080078125,1241,1.02567458152771,-0.020832736045122147,0.6453215479850769
4683,"Retail trade of motorcycles, and other motor vehicles",Commerce,2014,,83632.359375,283.25,39,0.8782851696014404,-0.02979312092065811,0.6387461423873901
4684,"Retail trade of fuels, lubricating oils and greases",Commerce,2014,,3414156.25,17036.349609375,709,1.1420338153839111,-0.017186986282467842,0.6290064454078674
4691,"Retail trade exclusively through Internet, and printed catalogs, television and similar media",Commerce,2014,,7280236,33007.7890625,3009,1.5155045986175537,0.020652592182159424,0.4986673593521118
4692,"Retail trade exclusively through Internet, and printed catalogs, television and similar media",Commerce,2014,,9554.1201171875,85.86000061035156,17,0.35091379284858704,0.01072403322905302,0.782228410243988
4811,Scheduled air transportation,"Utilities, Transport & Communications",2014,,159817.484375,225.7100067138672,16,0.14603111147880554,0.008518924936652184,0.8663426041603088
4812,Nonscheduled air transportation,"Utilities, Transport & Communications",2014,,325288.1875,519.5700073242188,15,8.9212646484375,0.040031470358371735,0.8518526554107666
4821,Rail transportation,"Utilities, Transport & Communications",2014,,0,0,0,0,0.019249361008405685,0.8390501737594604
4831,Maritime transportation,"Utilities, Transport & Communications",2014,,1742.18994140625,3.6500000953674316,2,0.017931543290615082,-0.019295552745461464,0.8730698227882385
4832,Inland water transportation,"Utilities, Transport & Communications",2014,,297.1099853515625,4.610000133514404,1,1.753139615058899,-0.010461416095495224,0.7388705015182495
4841,General freight trucking,"Utilities, Transport & Communications",2014,,4909331.5,24839.400390625,2183,1.394513726234436,0.023118825629353523,0.4282546639442444
4842,Specialized freight trucking,"Utilities, Transport & Communications",2014,,2445432,7659.2001953125,390,1.2325339317321777,-0.016212647780776024,0.548530101776123
4851,"Urban and suburban collective passenger transportation, fixed route","Utilities, Transport & Communications",2014,,719223.6875,6220.18017578125,216,1.1192384958267212,-0.0024506687186658382,0.5422422885894775
4852,"Long-distance collective passenger transportation, fixed route","Utilities, Transport & Communications",2014,,28255.8984375,157.91000366210938,3,0.6791012287139893,-0.012093628756701946,0.7274940013885498
4853,Taxi and limousine services,"Utilities, Transport & Communications",2014,,21318.810546875,225.510009765625,80,0.3417682349681854,-0.029875952750444412,0.8130764365196228
4854,School and employee transportation,"Utilities, Transport & Communications",2014,,19509.23046875,138,23,0.23631501197814941,0.04460625723004341,0.519767165184021
4855,Bus rental with driver,"Utilities, Transport & Communications",2014,,722.97998046875,8.430000305175781,3,0.05700351297855377,0.011746127158403397,0.849363386631012
4859,Other passenger transportation by road,"Utilities, Transport & Communications",2014,,753547.75,3534.739990234375,68,0.7440872192382812,-0.013552735559642315,0.5038319826126099
4861,Pipeline transportation of crude oil,"Utilities, Transport & Communications",2014,,0,0,0,,-0.00342201697640121,0.6312976479530334
4862,Pipeline transportation of natural gas,"Utilities, Transport & Communications",2014,,45446.34765625,240.61000061035156,6,1.8678489923477173,0.08952827006578445,0.7697879076004028
4869,Pipeline transportation of other products,"Utilities, Transport & Communications",2014,,10791.4091796875,109.12000274658203,15,9.157736778259277,0.018428200855851173,0.3919835686683655
4871,Sightseeing transportation by land,"Utilities, Transport & Communications",2014,,81076.1484375,405,45,0.5269620418548584,-0.02948581613600254,0.7242006659507751
4872,Sightseeing transportation by water,"Utilities, Transport & Communications",2014,,0,0,0,0,-0.03617345541715622,0.9133210778236389
4879,Other sightseeing transportation,"Utilities, Transport & Communications",2014,,9607.509765625,71.76000213623047,9,0.5572660565376282,-0.0208815298974514,0.6776633262634277
4881,Services related to air transportation,"Utilities, Transport & Communications",2014,,317108.71875,583.75,26,0.5427180528640747,0.05159250274300575,0.4693782925605774
4882,Services related to rail transportation,"Utilities, Transport & Communications",2014,,818565.4375,1281.6500244140625,10,1.21349036693573,0.02641916088759899,0.5352331399917603
4883,Services related to water transportation,"Utilities, Transport & Communications",2014,,29020.890625,117.30000305175781,11,0.08031651377677917,-0.026339199393987656,0.9057486653327942
4884,Services related to road transportation,"Utilities, Transport & Communications",2014,,128647.9609375,698.25,62,0.8087737560272217,-0.019231127575039864,0.630709171295166
4885,Intermediation services for freight transportation,"Utilities, Transport & Communications",2014,,309654.46875,1290.1199951171875,53,0.7872171401977539,0.10662690550088882,0.5837610960006714
4889,Other services related to transportation,"Utilities, Transport & Communications",2014,,1557725,5020.33984375,228,1.7109123468399048,0.01166625414043665,0.4373091459274292
4911,Postal services,"Utilities, Transport & Communications",2014,,24684.267578125,70.52999877929688,8,0.19285064935684204,0.04370301216840744,0.5571491718292236
4921,Long-distance courier and messenger services,"Utilities, Transport & Communications",2014,,131654.703125,743.27001953125,31,1.3882783651351929,0.015837261453270912,0.5095911026000977
4922,Local courier and messenger services,"Utilities, Transport & Communications",2014,,182580.140625,789.8800048828125,39,0.8305613994598389,0.02770039811730385,0.5779873728752136
4931,Warehousing services,"Utilities, Transport & Communications",2014,,1588631.75,5412.35009765625,66,3.2175815105438232,0.037707626819610596,0.49765920639038086
5111,"Newspaper, magazine, book, software and other materials publishing and integrated publishing/printing of these publications","Utilities, Transport & Communications",2014,,283971.71875,1137.3099365234375,80,0.4187392294406891,-0.004912923090159893,0.7089517712593079
5112,"Software publishing, and integrated software publishing/reproduction","Utilities, Transport & Communications",2014,,39380.25,156.74000549316406,15,0.4277594983577728,0.04758504778146744,0.8052244782447815
5121,Film and video industry,"Utilities, Transport & Communications",2014,,145905.921875,317.8999938964844,25,0.13739798963069916,-0.011846709065139294,0.6810165643692017
5122,Sound recording industry,"Utilities, Transport & Communications",2014,,173338.765625,364.9100036621094,5,1.7402445077896118,0.029413409531116486,0.7266107797622681
5151,Radio and television broadcasting,"Utilities, Transport & Communications",2014,,3988.08984375,16.860000610351562,2,0.01957259140908718,-0.022619491443037987,0.6678962707519531
5152,Production of channel programming for cable or satellite television systems,"Utilities, Transport & Communications",2014,,105.52999877929688,1.5700000524520874,1,0.06130152568221092,0.020834913477301598,0.6199883222579956
5161,Internet Publishing and Broadcasting,"Utilities, Transport & Communications",2014,,60497.72265625,104.13999938964844,5,1.2368385791778564,-0.02310996688902378,0.717831552028656
5173,Telecommunications Resellers,"Utilities, Transport & Communications",2014,,8658.9599609375,36.810001373291016,7,0.17871282994747162,0.058914534747600555,0.5705485343933105
5175,Cable and Other Program Distribution,"Utilities, Transport & Communications",2014,,35409.19140625,128.30999755859375,13,0.9709946513175964,-0.0091179721057415,0.5110807418823242
5181,Internet Service Providers and Web Search Portals,"Utilities, Transport & Communications",2014,,2147.389892578125,50.4900016784668,17,0.7986705303192139,0.008971359580755234,0.6199021935462952
5171,Wired telecommunications carriers,"Utilities, Transport & Communications",2014,,808928.4375,776.4400634765625,21,0.2722194790840149,-0.021150734275579453,0.6128386855125427
5172,"Wireless telecommunications carriers, except satellite services","Utilities, Transport & Communications",2014,,39577.66015625,204.80999755859375,37,0.09479428827762604,0.021554939448833466,0.6191505193710327
5174,Satellite telecommunications services,"Utilities, Transport & Communications",2014,,2204.630126953125,19.8700008392334,7,1.0224010944366455,0.06386134773492813,0.4500599503517151
5179,Other telecommunications services,"Utilities, Transport & Communications",2014,,1148493.5,2704.159912109375,157,1.0536479949951172,-0.01662861742079258,0.6593648195266724
5182,"Electronic data processing, hosting, and other related services","Utilities, Transport & Communications",2014,,10446.400390625,51.06999969482422,18,0.29003530740737915,0.016263069584965706,0.7812952995300293
5191,Other information services,"Utilities, Transport & Communications",2014,,11426.19921875,60.79999923706055,12,0.19077667593955994,0.03404858335852623,0.5682190656661987
5211,Central bank,"Finance, Real Estate & Professional Services",2014,,0,0,0,0,0.08620334416627884,0.9630201458930969
5221,Multiple banking,"Finance, Real Estate & Professional Services",2014,,438553.34375,1876.3900146484375,69,0.21537600457668304,-0.010441464371979237,0.6313461065292358
5222,Financial institutions for economic development,"Finance, Real Estate & Professional Services",2014,,36893.8671875,42.209999084472656,4,0.04952697828412056,-0.013518850319087505,0.6360774040222168
5223,Credit unions and saving institutions,"Finance, Real Estate & Professional Services",2014,,162925.890625,389.1700134277344,27,0.2261093705892563,-0.024055738002061844,0.6706042289733887
5224,"Other credit and financial intermediation institutions, non-stock exchange","Finance, Real Estate & Professional Services",2014,,271181.15625,878.8400268554688,86,0.5756490230560303,-0.023222513496875763,0.6399818062782288
5225,"Services related to credit intermediation, non-stock exchange","Finance, Real Estate & Professional Services",2014,,25196.23046875,110.5,8,0.40131092071533203,-0.029160019010305405,0.6260936260223389
5231,"Brokerage houses, foreign currency exchange houses and exchange offices","Finance, Real Estate & Professional Services",2014,,11189.990234375,67.87000274658203,13,0.11310122162103653,0.011839304119348526,0.7629376649856567
5232,Stock exchange,"Finance, Real Estate & Professional Services",2014,,0,0,0,0,0.002989263739436865,0.7762232422828674
5239,Investment advice and other services related to stock exchange intermediation,"Finance, Real Estate & Professional Services",2014,,3944288,19317.87890625,105,3.8441905975341797,0.00042068265611305833,0.42232465744018555
5241,Insurance and surety institutions,"Finance, Real Estate & Professional Services",2014,,598252.5,824.4099731445312,16,0.508339524269104,0.03939465060830116,0.8266317844390869
5242,Services related to insurance and surety,"Finance, Real Estate & Professional Services",2014,,183599.109375,789.1499633789062,166,0.5381595492362976,0.0004272056103218347,0.5626522302627563
5311,Rental of real estate without intermediation,"Finance, Real Estate & Professional Services",2014,,1529236.5,7335.91015625,988,1.0120147466659546,-0.024558061733841896,0.6357198357582092
5312,Real estate agencies and brokers,"Finance, Real Estate & Professional Services",2014,,400040.5625,1332.050048828125,110,0.8210293650627136,-0.0050195809453725815,0.6696960926055908
5313,Services related to real estate,"Finance, Real Estate & Professional Services",2014,,1204565.625,4514.3798828125,334,0.7493411302566528,-0.006959913298487663,0.6601582765579224
5321,"Rental of automobiles, trucks and other road transportation vehicles","Finance, Real Estate & Professional Services",2014,,10631.1904296875,57.540000915527344,23,0.10351135581731796,0.007163603790104389,0.6975046396255493
5322,Rental of household and personal goods,"Finance, Real Estate & Professional Services",2014,,93345.0625,565.52001953125,112,0.9164064526557922,-0.002330382587388158,0.5831997990608215
5323,General rental centers,"Finance, Real Estate & Professional Services",2014,,17419.720703125,127.23999786376953,33,0.9095730185508728,0.02148861065506935,0.5973542928695679
5324,"Rental of agricultural, fishing, industrial, commercial and services machinery and equipment","Finance, Real Estate & Professional Services",2014,,1043579.125,2822.35009765625,206,1.1245954036712646,-0.011371239088475704,0.684624969959259
5331,"Rental services of trademarks, patents and franchises","Finance, Real Estate & Professional Services",2014,,6743.830078125,20.3799991607666,5,0.2985323965549469,0.05828702077269554,0.5491752028465271
5411,Legal services,"Finance, Real Estate & Professional Services",2014,,639031.25,3114.989990234375,339,0.5520550012588501,-0.019514640793204308,0.7471671104431152
5412,"Accounting, auditing and related services","Finance, Real Estate & Professional Services",2014,,3834520.75,16810.970703125,1273,0.7174230813980103,-0.01238871831446886,0.6600972414016724
5413,"Architecture, engineering and related activities services","Finance, Real Estate & Professional Services",2014,,583717.6875,2859.860107421875,353,0.7700116038322449,-0.0054762414656579494,0.5895191431045532
5414,Specialized design,"Finance, Real Estate & Professional Services",2014,,323856.875,1873.1800537109375,155,1.7259398698806763,0.05981720611453056,0.44740331172943115
5415,Computer systems design and related services,"Finance, Real Estate & Professional Services",2014,,1062027.375,3519.469970703125,350,0.6227830052375793,0.11842642724514008,0.6087034940719604
5416,"Management, scientific and technical consulting services","Finance, Real Estate & Professional Services",2014,,17290474,56467.80078125,946,0.976567804813385,0.040738899260759354,0.4118284583091736
5417,Scientific research and development services,"Finance, Real Estate & Professional Services",2014,,283050.875,766.25,42,0.4244898557662964,0.008031175471842289,0.6301307678222656
5418,Advertising services and related activities,"Finance, Real Estate & Professional Services",2014,,897068.4375,5074.77978515625,437,0.7307164669036865,-0.005922304000705481,0.6892574429512024
5419,"Other professional, scientific and technical services","Finance, Real Estate & Professional Services",2014,,11545090,35051.4921875,1263,0.8470454812049866,0.01616411842405796,0.41499948501586914
5511,Head offices,Business & Related Services,2014,,601859.9375,1036.5599365234375,32,0.4252977669239044,0.03802906721830368,0.5821382999420166
5611,Business administration services,Business & Related Services,2014,,5353171,14511.0703125,254,0.8511484265327454,0.016690373420715332,0.5744326114654541
5612,Facilities support services,Business & Related Services,2014,,205781.984375,1358.469970703125,135,0.8562235832214355,0.03568482771515846,0.5937374830245972
5613,Employment services,Business & Related Services,2014,,18604124,56324.359375,476,1.0093169212341309,0.008608389645814896,0.531584620475769
5614,"Secretarial support, photocopying, collection, credit investigation and similar services",Business & Related Services,2014,,2967193.5,10049.330078125,158,1.9507733583450317,0.09265078604221344,0.48614275455474854
5615,Travel agencies and reservation services,Business & Related Services,2014,,90214.7890625,427.80999755859375,98,0.28910693526268005,-0.021534139290452003,0.6670230627059937
5616,"Investigation, protection and security services",Business & Related Services,2014,,2377825,18363.390625,464,0.8746405243873596,0.031152982264757156,0.554775595664978
5617,Cleaning services,Business & Related Services,2014,,1267199.625,12822.1806640625,534,0.9124779105186462,0.0448928028345108,0.5308429598808289
5619,Other business support services,Business & Related Services,2014,,54180076,189663.296875,2627,1.3675616979599,-0.003011745400726795,0.6362030506134033
5621,Waste management and remediation services,Business & Related Services,2014,,199470.671875,1064.9000244140625,83,0.9974778890609741,0.035387374460697174,0.39207226037979126
6111,"Basic, middle and special needs education schools",Education & Health Services,2014,,6061258.5,22589.259765625,1030,1.121669054031372,-0.017886340618133545,0.616517186164856
6112,Higher technical education schools,Education & Health Services,2014,,11436.740234375,67.13999938964844,7,1.7383496761322021,0.03547514230012894,0.49962562322616577
6113,Higher education schools,Education & Health Services,2014,,3518578.25,7166.7900390625,121,0.47803157567977905,-0.02506006881594658,0.6719965934753418
6114,"Business, computer and management training schools",Education & Health Services,2014,,44375.94140625,248.35000610351562,37,1.6879887580871582,-0.02668645791709423,0.5955690145492554
6115,Trade schools,Education & Health Services,2014,,27439.23046875,134.6199951171875,22,0.8773488402366638,0.0007482455112040043,0.46550047397613525
6116,Other educational services,Education & Health Services,2014,,3206290.75,11723.169921875,561,1.5667146444320679,-0.004524474497884512,0.586012601852417
6117,Educational support services,Education & Health Services,2014,,4558.06982421875,66.2300033569336,13,1.472151756286621,0.013140277937054634,0.6454534530639648
6211,Medical doctors offices,Education & Health Services,2014,,919525.5,3062.91015625,615,0.9015740752220154,-0.0102559644728899,0.6303589940071106
6212,Dental offices,Education & Health Services,2014,,71985.046875,643.6099853515625,274,0.5295359492301941,-0.0016390909440815449,0.6926976442337036
6213,Other health care offices,Education & Health Services,2014,,78070.0546875,454.4300231933594,65,1.2083858251571655,-0.0026528455782681704,0.5547890067100525
6214,Outpatient care centers,Education & Health Services,2014,,107126.640625,538.8200073242188,82,0.8747096657752991,-0.007360818330198526,0.5223912596702576
6215,Medical and diagnostic laboratories,Education & Health Services,2014,,222845.390625,1367.6800537109375,189,0.8308742642402649,-0.024178795516490936,0.6352706551551819
6216,Home nursing services,Education & Health Services,2014,,217.92999267578125,11.569999694824219,3,0.711639940738678,0.08503349125385284,0.6839028000831604
6219,"Ambulance services, organ banks and other medical treatment ancillary services",Education & Health Services,2014,,437750.5,1085.0899658203125,8,4.898918628692627,0.037175457924604416,0.5563325881958008
6221,General hospitals,Education & Health Services,2014,,417964.625,2145.830078125,168,0.4791592061519623,-0.005397007800638676,0.5044474601745605
6222,Psychiatric and addiction hospitals,Education & Health Services,2014,,0,0,0,0,0.15463300049304962,0.9444252252578735
6223,Other medical specialties hospitals,Education & Health Services,2014,,23010784,40640.5703125,55,1.0851881504058838,-0.013630427420139313,0.6596949100494385
6231,"Residential facilities with nursing care for convalescent, in rehabilitation, incurable and terminal patients",Education & Health Services,2014,,49287.79296875,161.65000915527344,5,2.8264591693878174,0.046889010816812515,0.5200589895248413
6232,"Residential care facilities for persons with mental retardation, mental disorder and addictions",Education & Health Services,2014,,0,0,0,0,0.03910146281123161,0.763702929019928
6233,Homes and other residential care facilities for the elderly,Education & Health Services,2014,,1073.2900390625,13.579999923706055,5,0.23255440592765808,0.05934034287929535,0.6001509428024292
6239,Orphanages and other social assistance residential care facilities,Education & Health Services,2014,,2304776.25,6931.25,193,0.80600905418396,-0.02049986459314823,0.699705183506012
6241,Guidance and social work services,Education & Health Services,2014,,36472.5390625,253.13999938964844,29,0.2335953563451767,0.010103427805006504,0.6833043098449707
6242,"Community food, housing and emergency services",Education & Health Services,2014,,7013.3095703125,23.829999923706055,6,0.04878571629524231,0.008260000497102737,0.6268695592880249
6243,"Job training services for unemployed, underemployed or disabled persons",Education & Health Services,2014,,2835.679931640625,27.810001373291016,5,0.2108936607837677,0.026674851775169373,0.6017426252365112
6244,Nurseries,Education & Health Services,2014,,14971.7802734375,150.22000122070312,21,0.19950249791145325,-0.0027870796620845795,0.6061702370643616
7111,Performing arts companies and groups,Education & Health Services,2014,,10529.7099609375,84.19999694824219,31,0.41904884576797485,-0.008110782131552696,0.7776110768318176
7112,Professional athletes and sports teams,Education & Health Services,2014,,4947.18994140625,38.22999954223633,10,1.1135718822479248,0.04216621443629265,0.5810889601707458
7113,"Promoters of performing arts, sports and similar events",Education & Health Services,2014,,201506.6875,655.9199829101562,36,0.6425148248672485,0.026088828220963478,0.6770884394645691
7114,"Agents and managers for artists, athletes and similar figures",Education & Health Services,2014,,670.010009765625,5.779999732971191,3,2.451068878173828,0.04772491008043289,0.6545428037643433
7115,"Independent artists, writers and technicians",Education & Health Services,2014,,7094.6298828125,57.029998779296875,17,0.48631078004837036,-0.016717107966542244,0.7070196270942688
7121,"Museums, historical sites, zoos and similar institutions",Education & Health Services,2014,,78601.5859375,85.06999969482422,5,0.7067056894302368,0.04796670004725456,0.621058464050293
7131,Parks with recreational facilities and amusement arcades,Education & Health Services,2014,,20806.740234375,137.5,18,0.3930833339691162,-0.019952842965722084,0.7058827877044678
7132,"Casinos, lotteries and other gambling services",Education & Health Services,2014,,123848.125,557.0599975585938,22,1.0608999729156494,0.009275301359593868,0.5736808776855469
7139,Other recreational services,Education & Health Services,2014,,1005788.5625,4219.83984375,225,1.662361979484558,-0.0020975996740162373,0.6691606044769287
7211,"Hotels, motels and similar facilities",Education & Health Services,2014,,625615.875,4612.5498046875,339,0.3631667494773865,-0.03908699005842209,0.6996582746505737
7212,Recreational camps and lodgings,Education & Health Services,2014,,857.5199584960938,8.270000457763672,3,0.19927488267421722,-0.006546628661453724,0.8679219484329224
7213,"Rooming and boarding houses, and furnished apartments and houses with maid services",Education & Health Services,2014,,6398.7900390625,55.45000076293945,14,0.14306670427322388,-0.039954718202352524,0.7363455295562744
7221,Full service restaurants,Education & Health Services,2014,,1040424,8249.0703125,592,0.7425816655158997,-0.018267987295985222,0.6601467132568359
7222,"Self-service, take-out and other limited service restaurants",Education & Health Services,2014,,121842.4921875,1128.179931640625,140,0.45192769169807434,-0.00850291084498167,0.6780174970626831
7223,Food catering services,Education & Health Services,2014,,418590.34375,3227.6298828125,280,0.7794228196144104,0.06260938197374344,0.5008170008659363
7224,"Nightclubs, bars and similar drinking places",Education & Health Services,2014,,138121.640625,734.510009765625,56,0.593535840511322,-0.005463895853608847,0.7391232848167419
8111,Repair and maintenance of automobiles and trucks,Business & Related Services,2014,,1220253.75,7687.3203125,1499,0.8803173303604126,-0.009654582478106022,0.6269080638885498
8112,Electronic and precision equipment repair and maintenance,Business & Related Services,2014,,437744.53125,2120.909912109375,318,1.223905086517334,0.003879078896716237,0.47491222620010376
8113,"Agricultural, industrial, commercial and services machinery and equipment repair and maintenance",Business & Related Services,2014,,1054498.75,6949.10986328125,1064,1.292168378829956,0.02578415721654892,0.39945781230926514
8114,Household and personal goods repair and maintenance,Business & Related Services,2014,,172319.453125,1227.5899658203125,267,1.0255911350250244,-0.011316793970763683,0.6886166334152222
8121,"Beauty salons and clinics, public baths and washrooms, and shoeshine shops",Business & Related Services,2014,,202679.96875,1893.6400146484375,510,0.9372603893280029,-0.017309412360191345,0.7019195556640625
8122,Laundries and dry-cleaning shops,Business & Related Services,2014,,335745,2144.25,251,1.389596939086914,-0.004422013647854328,0.5422201752662659
8123,Funeral services and cemetery management,Business & Related Services,2014,,96188.109375,459.75,56,0.6164072751998901,-0.016321936622262,0.690963089466095
8124,Parking lots and garages for motor vehicles,Business & Related Services,2014,,86521.921875,662.25,81,0.7734901309013367,0.0009419204434379935,0.4756360650062561
8129,Photograph developing and printing and other personal services,Business & Related Services,2014,,3902566,13318.26953125,742,1.0620688199996948,0.03676050156354904,0.4395560622215271
8131,"Commercial, labor, professional and recreational associations and organizations",Business & Related Services,2014,,1480746.375,4606.2099609375,228,0.4086799919605255,-0.023066354915499687,0.6162056922912598
8132,"Religious, political and civic associations and organizations",Business & Related Services,2014,,1589560.125,4433.10009765625,308,0.6480493545532227,-0.016000382602214813,0.7601541876792908
8141,Private households employing domestic personnel,Business & Related Services,2014,,0,0,0,,-0.00342201697640121,0.6312976479530334
9311,Legislative bodies,Government Activities,2014,,1478.780029296875,15.300000190734863,1,0.2652799189090729,0.02602536231279373,0.7553614377975464
9312,General public administration,Government Activities,2014,,24120.990234375,266.72998046875,65,0.007457849569618702,-0.01240265928208828,0.7023748159408569
9313,Regulation and promotion of economic development,Government Activities,2014,,0,0,0,0,0.039853647351264954,0.608869731426239
9314,Justice administration and security and public order preservation,Government Activities,2014,,26309.708984375,112.6300048828125,10,0.10313976556062698,0.05242275446653366,0.7799849510192871
9315,Regulation and promotion of environmental improvement and preservation activities,Government Activities,2014,,0,0,0,0,-0.00614190474152565,0.7156263589859009
9316,Administrative activities of social welfare institutions,Government Activities,2014,,226960.859375,200.05999755859375,4,0.18829600512981415,0.010543785989284515,0.7569131255149841
9317,Foreign affairs,Government Activities,2014,,0,0,0,0,0.018425919115543365,0.8696889877319336
9318,National security activities,Government Activities,2014,,588.4299926757812,5,2,0.4595295190811157,0.0068583437241613865,0.8254754543304443
9321,Extraterritorial and international organizations,Government Activities,2014,,346688.46875,608.6099853515625,1,1.3489223718643188,0.07820405066013336,0.667311429977417