Code,Location,Year,"Avg. monthly wage, MX$","Total wages, MX$",Firms,Employment,Revealed comparative advantage,Distance,Opportunity gain
01,Aguascalientes,2004,,42864.171875,11,319.75,0.5891626477241516,0.7065533399581909,2.092075824737549
01,Aguascalientes,2005,,78392.75,11,569.52001953125,1.1067413091659546,0.7153277397155762,0
01,Aguascalientes,2006,,81792.046875,10,567.0800170898438,1.1229302883148193,0.7274850010871887,0
01,Aguascalientes,2007,,85198.453125,10,557,1.146348476409912,0.7153277397155762,0
01,Aguascalientes,2008,,95373.3125,10,570,1.1926590204238892,0.7823213338851929,0
01,Aguascalientes,2009,,104392.84375,10,630.0700073242188,1.4610322713851929,0.7637439966201782,0
01,Aguascalientes,2010,,124822.671875,12,708.1400146484375,1.6191327571868896,0.6788017749786377,0
01,Aguascalientes,2011,,120251.7265625,13,633.0899658203125,1.5000909566879272,0.7355420589447021,0
01,Aguascalientes,2012,,114063.875,12,585.8300170898438,1.3947426080703735,0.7355420589447021,0
01,Aguascalientes,2013,,113686.75,12,545.5800170898438,1.1732747554779053,0.6592309474945068,0
01,Aguascalientes,2014,,101881.296875,11,459.489990234375,1.031660556793213,0.7062468528747559,0
02,Baja California,2004,,10638.669921875,1,103.58000183105469,0.055387236177921295,0.8268160223960876,3.1111302375793457
02,Baja California,2005,,9353.4599609375,1,95.13999938964844,0.05299748480319977,0.887996256351471,3.192824363708496
02,Baja California,2006,,0,0,0,0,0.892779529094696,0
02,Baja California,2007,,0,0,0,0,0.887996256351471,0
02,Baja California,2008,,0,0,0,0,0.8474331498146057,0
02,Baja California,2009,,0,0,0,0,0.8267385959625244,0
02,Baja California,2010,,0,0,0,0,0.8291667699813843,0
02,Baja California,2011,,0,0,0,0,0.8339779376983643,0
02,Baja California,2012,,0,0,0,0,0.877220869064331,0
02,Baja California,2013,,0,0,0,0,0.9003867506980896,0
02,Baja California,2014,,0,0,0,0,0.9043797850608826,0
03,Baja California Sur,2004,,0,0,0,0,1,0
03,Baja California Sur,2005,,0,0,0,0,1,0
03,Baja California Sur,2006,,0,0,0,0,1,0
03,Baja California Sur,2007,,0,0,0,0,1,0
03,Baja California Sur,2008,,0,0,0,0,1,0
03,Baja California Sur,2009,,0,0,0,0,1,0
03,Baja California Sur,2010,,0,0,0,0,1,0
03,Baja California Sur,2011,,0,0,0,0,1,0
03,Baja California Sur,2012,,0,0,0,0,1,0
03,Baja California Sur,2013,,0,0,0,0,1,0
03,Baja California Sur,2014,,0,0,0,0,1,0
04,Campeche,2004,,0,0,0,0,0.778445303440094,0
04,Campeche,2005,,0,0,0,0,0.7850700616836548,0
04,Campeche,2006,,0,0,0,0,0.7942488789558411,0
04,Campeche,2007,,0,0,0,0,0.7850700616836548,0
04,Campeche,2008,,0,0,0,0,0.778445303440094,0
04,Campeche,2009,,0,0,0,0,0.8444384932518005,0
04,Campeche,2010,,0,0,0,0,0.8041746616363525,0
04,Campeche,2011,,0,0,0,0,0.8096896409988403,0
04,Campeche,2012,,0,0,0,0,0.8444384336471558,0
04,Campeche,2013,,0,0,0,0,0.8444384336471558,0
04,Campeche,2014,,0,0,0,0,0.8506742715835571,0
05,Coahuila,2004,,55185.33984375,6,384.4100036621094,0.24612072110176086,0.747272253036499,2.730543613433838
05,Coahuila,2005,,51983.42578125,7,340.1700134277344,0.23105663061141968,0.7548290491104126,2.6858937740325928
05,Coahuila,2006,,87123.5625,6,746.97998046875,0.5221172571182251,0.765299379825592,2.6006555557250977
05,Coahuila,2007,,69719.953125,6,511.84002685546875,0.37861722707748413,0.7256107330322266,2.6969799995422363
05,Coahuila,2008,,42597.5625,6,245.08999633789062,0.1874111443758011,0.747272253036499,2.9233896732330322
05,Coahuila,2009,,31284.73046875,5,173.41000366210938,0.15127940475940704,0.7496588230133057,2.7597224712371826
05,Coahuila,2010,,18055.4609375,5,75.7699966430664,0.06339339166879654,0.6694028377532959,2.568305730819702
05,Coahuila,2011,,539.1700439453125,3,5,0.004171059466898441,0.7995545864105225,2.699846029281616
05,Coahuila,2012,,680.0499877929688,3,5,0.004178247880190611,0.7286090850830078,2.5528435707092285
05,Coahuila,2013,,614.1099853515625,3,3.8299999237060547,0.003021828830242157,0.7995545864105225,2.7067298889160156
05,Coahuila,2014,,116.6500015258789,2,2.3499999046325684,0.0019412878900766373,0.8075895309448242,2.5965254306793213
06,Colima,2004,,0,0,0,0,1,0
06,Colima,2005,,0,0,0,0,1,0
06,Colima,2006,,0,0,0,0,1,0
06,Colima,2007,,0,0,0,0,1,0
06,Colima,2008,,0,0,0,0,1,0
06,Colima,2009,,212.8000030517578,1,2.7799999713897705,0.012629147619009018,1,2.0309529304504395
06,Colima,2010,,0,0,0,0,1,0
06,Colima,2011,,0,0,0,0,1,0
06,Colima,2012,,0,0,0,0,1,0
06,Colima,2013,,0,0,0,0,1,0
06,Colima,2014,,0,0,0,0,1,0
07,Chiapas,2004,,0,0,0,0,0.8408235311508179,0
07,Chiapas,2005,,0,0,0,0,0.8949965238571167,0
07,Chiapas,2006,,0,0,0,0,0.8994808197021484,0
07,Chiapas,2007,,0,0,0,0,0.9190855622291565,0
07,Chiapas,2008,,0,0,0,0,0.9490635395050049,0
07,Chiapas,2009,,0,0,0,0,0.9523055553436279,0
07,Chiapas,2010,,0,0,0,0,1,0
07,Chiapas,2011,,0,0,0,0,0.9675678014755249,0
07,Chiapas,2012,,0,0,0,0,1,0
07,Chiapas,2013,,0,0,0,0,1,0
07,Chiapas,2014,,0,0,0,0,1,0
08,Chihuahua,2004,,861.5900268554688,2,8.829999923706055,0.00429508276283741,0.7697036266326904,2.7176408767700195
08,Chihuahua,2005,,901.9400024414062,3,11.579999923706055,0.005908025894314051,0.7765897512435913,2.661768674850464
08,Chihuahua,2006,,1084.489990234375,3,14.25,0.007466989569365978,0.7861307263374329,2.6703529357910156
08,Chihuahua,2007,,1097.3199462890625,3,13.079999923706055,0.00736497575417161,0.7765897512435913,2.6789541244506836
08,Chihuahua,2008,,1093.3900146484375,3,12.329999923706055,0.007481155917048454,0.7780914306640625,2.8285727500915527
08,Chihuahua,2009,,869.6699829101562,3,12.5,0.00893790740519762,0.7582748532295227,2.756357192993164
08,Chihuahua,2010,,966.9100341796875,3,14.670000076293945,0.010284636169672012,0.7945300340652466,2.599811315536499
08,Chihuahua,2011,,823.8400268554688,3,13.40999984741211,0.009807334281504154,0.7582748532295227,2.566157341003418
08,Chihuahua,2012,,1155.8499755859375,3,12.670000076293945,0.00937589816749096,0.7504209280014038,2.644693374633789
08,Chihuahua,2013,,1165.6300048828125,3,12.170000076293945,0.008415214717388153,0.7504209280014038,2.75173020362854
08,Chihuahua,2014,,1339.800048828125,4,17.549999237060547,0.012716584838926792,0.7604254484176636,2.6849851608276367
09,Distrito Federal,2004,,479224.53125,68,2500.5,0.3560660481452942,0.5737742781639099,2.8864755630493164
09,Distrito Federal,2005,,502696.5,65,2553.679931640625,0.3838947117328644,0.6540766954421997,2.981281042098999
09,Distrito Federal,2006,,513636.5,62,2588.889892578125,0.4012663662433624,0.7010159492492676,3.0267579555511475
09,Distrito Federal,2007,,494377.1875,57,2298.8798828125,0.3750050663948059,0.6876778602600098,3.086223840713501
09,Distrito Federal,2008,,442067.40625,55,1966.6800537109375,0.3249671757221222,0.7321711778640747,3.3677098751068115
09,Distrito Federal,2009,,347221.9375,53,1614.739990234375,0.28691190481185913,0.7492181062698364,3.3697915077209473
09,Distrito Federal,2010,,402212.53125,47,1784.260009765625,0.31959280371665955,0.7753227353096008,3.45707631111145
09,Distrito Federal,2011,,382819.375,40,1604.4200439453125,0.29189807176589966,0.7492181062698364,3.3682620525360107
09,Distrito Federal,2012,,375906.0625,38,1465.800048828125,0.2713862657546997,0.7492181062698364,3.3839058876037598
09,Distrito Federal,2013,,398657.125,38,1531.1600341796875,0.26321685314178467,0.7492181062698364,3.4975597858428955
09,Distrito Federal,2014,,389087.5,38,1382.989990234375,0.25198888778686523,0.7370336055755615,3.3483800888061523
10,Durango,2004,,3663.860107421875,3,78.83000183105469,0.15967941284179688,0.8556031584739685,2.0049726963043213
10,Durango,2005,,2808.43994140625,2,59.08000183105469,0.12683218717575073,0.8599207997322083,1.3220148086547852
10,Durango,2006,,2477.7900390625,2,50.83000183105469,0.11160731315612793,0.8659030199050903,1.4289677143096924
10,Durango,2007,,2392.64990234375,2,46.91999816894531,0.1099502220749855,0.9093341827392578,1.4482998847961426
10,Durango,2008,,2242.139892578125,2,43,0.1029503121972084,0.9065396189689636,1.5554507970809937
10,Durango,2009,,2227.83984375,2,40.83000183105469,0.10619868338108063,0.9124882221221924,1.9348667860031128
10,Durango,2010,,4181.4599609375,3,69.58999633789062,0.17717191576957703,0.9099522233009338,1.862101674079895
10,Durango,2011,,3361.10009765625,3,52.94000244140625,0.13732710480690002,0.9356541037559509,1.428317904472351
10,Durango,2012,,1904.31005859375,2,30.579999923706055,0.0777246430516243,0.9356540441513062,1.3745033740997314
10,Durango,2013,,1845.530029296875,2,27.59000015258789,0.06767809391021729,0.9356541037559509,1.519174337387085
10,Durango,2014,,1952.6300048828125,2,26.260000228881836,0.06795231252908707,0.9382334351539612,1.7412090301513672
11,Guanajuato,2004,,129338.359375,20,978.5,0.5988887548446655,0.436204195022583,2.4847631454467773
11,Guanajuato,2005,,172958.140625,20,1288.510009765625,0.831881046295166,0.4530622959136963,2.49288010597229
11,Guanajuato,2006,,185620.78125,22,1274.239990234375,0.8277009129524231,0.5278857350349426,2.5027616024017334
11,Guanajuato,2007,,177628.625,23,1285.9400634765625,0.8845414519309998,0.42341428995132446,2.387342929840088
11,Guanajuato,2008,,179746.96875,23,1190.0899658203125,0.8362979888916016,0.4418901205062866,2.5046169757843018
11,Guanajuato,2009,,146955.75,24,907.5700073242188,0.6843830943107605,0.4774128794670105,2.3841352462768555
11,Guanajuato,2010,,171743.28125,25,996.9400024414062,0.7319796085357666,0.38325297832489014,2.22924542427063
11,Guanajuato,2011,,202189.984375,25,1188.25,0.8850410580635071,0.3296768069267273,2.1688692569732666
11,Guanajuato,2012,,225791.453125,27,1254.3199462890625,0.931358277797699,0.3296768069267273,2.143686056137085
11,Guanajuato,2013,,270031.5,26,1425.5899658203125,0.9685765504837036,0.30423980951309204,2.190746545791626
11,Guanajuato,2014,,363790.0625,29,1861.949951171875,1.2918312549591064,0.3321298360824585,0
12,Guerrero,2004,,539.77001953125,2,5.420000076293945,0.013526891358196735,0.9675279855728149,2.791238784790039
12,Guerrero,2005,,304.20001220703125,1,3.5799999237060547,0.009215627796947956,0.968498945236206,2.8003571033477783
12,Guerrero,2006,,633.239990234375,2,5.329999923706055,0.013988985680043697,0.916234016418457,2.8721158504486084
12,Guerrero,2007,,0,0,0,0,0.9124971032142639,0
12,Guerrero,2008,,0,0,0,0,0.9097999930381775,0
12,Guerrero,2009,,155.5800018310547,1,2.0799999237060547,0.0063260626047849655,0.9155411124229431,2.6689929962158203
12,Guerrero,2010,,203.25,1,2.5799999237060547,0.00795375369489193,0.8640170097351074,2.5198757648468018
12,Guerrero,2011,,167.5,1,2.0799999237060547,0.006783214397728443,0.8678466081619263,3.2703773975372314
12,Guerrero,2012,,159.5800018310547,1,2,0.006968036759644747,0.8678466081619263,3.11195707321167
12,Guerrero,2013,,212.6699981689453,1,2.5799999237060547,0.008479220792651176,0.8678466081619263,3.156543016433716
12,Guerrero,2014,,182.6699981689453,1,3.869999885559082,0.013288219459354877,0.8731440901756287,3.128787040710449
13,Hidalgo,2004,,956184.6875,17,5465.81005859375,11.407299041748047,0.48087936639785767,0
13,Hidalgo,2005,,904494.4375,17,4926.5302734375,11.025182723999023,0.5684040188789368,0
13,Hidalgo,2006,,890526.9375,20,4625.97998046875,10.93409538269043,0.5868358016014099,0
13,Hidalgo,2007,,892255.375,19,4444.849609375,10.870984077453613,0.5684040188789368,0
13,Hidalgo,2008,,907786.3125,20,4421.080078125,10.93923568725586,0.5551010370254517,0
13,Hidalgo,2009,,832912.3125,20,4021.510009765625,10.830212593078613,0.5486693382263184,0
13,Hidalgo,2010,,904748.3125,19,4123.43017578125,10.871879577636719,0.5713460445404053,0
13,Hidalgo,2011,,965412.25,18,4208.64013671875,11.251363754272461,0.5834181308746338,0
13,Hidalgo,2012,,1062066.875,18,4467.6796875,12.025310516357422,0.5486693382263184,0
13,Hidalgo,2013,,1177599.75,18,4697.009765625,11.85908317565918,0.5486693382263184,0
13,Hidalgo,2014,,1129113.25,19,4317.5400390625,11.366650581359863,0.4855097532272339,0
14,Jalisco,2004,,296057.625,24,1426.52001953125,0.4572700560092926,0.6715874075889587,3.0157010555267334
14,Jalisco,2005,,288808.65625,23,1314.9300537109375,0.4468849003314972,0.6319938898086548,2.9978373050689697
14,Jalisco,2006,,254972.578125,23,1095.989990234375,0.38008853793144226,0.6477099657058716,2.945019245147705
14,Jalisco,2007,,126831.2578125,23,543.280029296875,0.19601963460445404,0.5322982668876648,2.6903762817382812
14,Jalisco,2008,,43032.87890625,23,320.91998291015625,0.1176956444978714,0.5217888355255127,2.9033875465393066
14,Jalisco,2009,,39322.34765625,22,312.17999267578125,0.1229519248008728,0.552226185798645,2.7179183959960938
14,Jalisco,2010,,40783.62109375,23,314.79998779296875,0.1211407259106636,0.5305098295211792,2.7339487075805664
14,Jalisco,2011,,48985.83984375,22,332.8899841308594,0.13102270662784576,0.49740028381347656,2.537109375
14,Jalisco,2012,,54708.1796875,19,337.7300109863281,0.13564836978912354,0.46496808528900146,2.463130235671997
14,Jalisco,2013,,69302.25,20,424.75,0.15890474617481232,0.44180214405059814,2.581561326980591
14,Jalisco,2014,,77074.4921875,21,459.79998779296875,0.18059183657169342,0.44605863094329834,2.373494863510132
15,Mexico,2004,,1820217.5,72,10194.66015625,3.114609718322754,0.13878178596496582,0
15,Mexico,2005,,1846349.75,68,9641.3896484375,3.148542881011963,0.08497500419616699,0
15,Mexico,2006,,1930170.5,69,9636.7294921875,3.2023725509643555,0.16351062059402466,0
15,Mexico,2007,,2013331,66,9704.439453125,3.331176996231079,0.06097412109375,0
15,Mexico,2008,,1979471.125,68,9342.9501953125,3.264739751815796,0.0328938364982605,0
15,Mexico,2009,,1861897.375,62,8837.2001953125,3.3836755752563477,0.1283891797065735,0
15,Mexico,2010,,2006307.625,61,8769.58984375,3.300581216812134,0.09204381704330444,0
15,Mexico,2011,,2103759.5,60,8542.8095703125,3.281646490097046,0.09021824598312378,0
15,Mexico,2012,,2073048,58,8010.18994140625,3.0944130420684814,0.1458163857460022,0
15,Mexico,2013,,2132931.25,55,7889.60986328125,2.930422067642212,0.1458163857460022,0
15,Mexico,2014,,2086861.25,59,7372.08984375,2.930577039718628,0.2126370072364807,0
16,Michoacan,2004,,11886.1298828125,7,125.49000549316406,0.14940132200717926,0.8836787343025208,3.146446704864502
16,Michoacan,2005,,8536.169921875,5,88.16999816894531,0.11058308929204941,0.8871568441390991,3.053356409072876
16,Michoacan,2006,,6841.85009765625,4,72.16999816894531,0.09311994165182114,0.891975998878479,2.8626670837402344
16,Michoacan,2007,,8236.330078125,5,88.44999694824219,0.11758044362068176,0.842944860458374,3.467212200164795
16,Michoacan,2008,,8119.6201171875,5,85.00999450683594,0.11471358686685562,0.8381040096282959,3.7095117568969727
16,Michoacan,2009,,7560.1201171875,5,79.91999816894531,0.11310137063264847,0.8484084606170654,3.764317750930786
16,Michoacan,2010,,7097.64990234375,5,75.33000183105469,0.10577715188264847,0.8440154790878296,3.60933256149292
16,Michoacan,2011,,7255.3896484375,5,73.5,0.10560885816812515,0.8484084606170654,3.320547580718994
16,Michoacan,2012,,6417.61962890625,4,59.09000015258789,0.08920641988515854,0.8136596083641052,3.115304708480835
16,Michoacan,2013,,5441.02001953125,4,49.75,0.07241419702768326,0.8136596083641052,3.153425693511963
16,Michoacan,2014,,4736.14013671875,2,43.61000061035156,0.06611087173223495,0.8211292028427124,3.1342978477478027
17,Morelos,2004,,120807.953125,3,627,1.273179054260254,0.5601151585578918,0
17,Morelos,2005,,126041.9765625,3,636.9199829101562,1.3705939054489136,0.5732681751251221,0
17,Morelos,2006,,122850.8984375,3,604.9099731445312,1.3459656238555908,0.5914922952651978,0
17,Morelos,2007,,126112.5703125,3,587.6599731445312,1.3926244974136353,0.6029162406921387,0
17,Morelos,2008,,119375.140625,3,567.6699829101562,1.401719570159912,0.5601151585578918,0
17,Morelos,2009,,110596.03125,3,533.739990234375,1.4051566123962402,0.5881130695343018,0
17,Morelos,2010,,128372.78125,3,584.6699829101562,1.5109573602676392,0.5761770009994507,0
17,Morelos,2011,,139490.34375,3,606.9199829101562,1.6020584106445312,0.5881130695343018,0
17,Morelos,2012,,145032.5625,3,606.3400268554688,1.6215980052947998,0.5881130695343018,0
17,Morelos,2013,,156523.015625,3,622.9200439453125,1.5789166688919067,0.5881130695343018,0
17,Morelos,2014,,164317.765625,3,626.9100341796875,1.7444807291030884,0.5987375974655151,0
18,Nayarit,2004,,0,0,0,0,1,0
18,Nayarit,2005,,477.79998779296875,1,2,0.007654756773263216,1,1.7330602407455444
18,Nayarit,2006,,560.6699829101562,1,3.6700000762939453,0.013809396885335445,1,1.5608246326446533
18,Nayarit,2007,,734,1,5,0.01962856575846672,1,1.5133799314498901
18,Nayarit,2008,,0,0,0,0,1,0
18,Nayarit,2009,,0,1,1,0.004255915060639381,1,1.713832139968872
18,Nayarit,2010,,0,0,0,0,1,0
18,Nayarit,2011,,0,0,0,0,1,0
18,Nayarit,2012,,0,0,0,0,1,0
18,Nayarit,2013,,0,0,0,0,1,0
18,Nayarit,2014,,0,0,0,0,1,0
19,Nuevo Leon,2004,,100298.9609375,8,533.1000366210938,0.17623233795166016,0.6686043739318848,1.980748176574707
19,Nuevo Leon,2005,,107462.28125,7,537.739990234375,0.18608243763446808,0.6785135269165039,1.9174237251281738
19,Nuevo Leon,2006,,112031.359375,7,530.75,0.18523617088794708,0.6600768566131592,1.8836411237716675
19,Nuevo Leon,2007,,146797.046875,10,680.75,0.24684776365756989,0.6741307973861694,1.8592796325683594
19,Nuevo Leon,2008,,206341.3125,10,926.6499633789062,0.3381657600402832,0.7234638929367065,2.788656711578369
19,Nuevo Leon,2009,,176682.171875,9,819.2900390625,0.3303362727165222,0.7178991436958313,2.0723912715911865
19,Nuevo Leon,2010,,187089.625,8,803.75,0.31477418541908264,0.7335613369941711,2.8662166595458984
19,Nuevo Leon,2011,,193419.9375,8,815.9199829101562,0.32319480180740356,0.7410650253295898,2.7384181022644043
19,Nuevo Leon,2012,,200280.453125,7,794.8400268554688,0.3212409019470215,0.7410650253295898,2.8492681980133057
19,Nuevo Leon,2013,,213484.5,9,822.1599731445312,0.3143654763698578,0.7086328268051147,2.7486138343811035
19,Nuevo Leon,2014,,197325.296875,9,719.9600219726562,0.2926068603992462,0.7203124761581421,2.784174919128418
20,Oaxaca,2004,,0,0,0,0,0.9427874088287354,0
20,Oaxaca,2005,,0,0,0,0,0.9444981217384338,0
20,Oaxaca,2006,,0,0,0,0,0.9468684196472168,0
20,Oaxaca,2007,,450,1,2,0.004889084957540035,0.9759992361068726,1.9093058109283447
20,Oaxaca,2008,,0,0,0,0,0.9752594232559204,0
20,Oaxaca,2009,,0,0,0,0,0.9768341183662415,0
20,Oaxaca,2010,,0,0,0,0,0.9761627912521362,0
20,Oaxaca,2011,,0,0,0,0,0.9768341183662415,0
20,Oaxaca,2012,,0,0,0,0,0.9768341183662415,0
20,Oaxaca,2013,,0,0,0,0,0.9768341183662415,0
20,Oaxaca,2014,,0,0,0,0,0.9777626991271973,0
21,Puebla,2004,,1014172.875,107,7159.6103515625,5.928149223327637,0.4867006540298462,0
21,Puebla,2005,,973943.3125,103,6588.830078125,5.778019428253174,0.5020488500595093,0
21,Puebla,2006,,941251.625,103,6131.0498046875,5.670951843261719,0.5003386735916138,0
21,Puebla,2007,,966428.375,99,6067.58984375,5.962031364440918,0.47804808616638184,0
21,Puebla,2008,,972633.4375,97,5903.18994140625,5.944980621337891,0.4619600772857666,0
21,Puebla,2009,,933762,93,5611.1298828125,6.047251224517822,0.47303956747055054,0
21,Puebla,2010,,987314.125,93,5551.60986328125,5.842716693878174,0.49352461099624634,0
21,Puebla,2011,,943663.0625,90,5249.31005859375,5.6207404136657715,0.47535616159439087,0
21,Puebla,2012,,987337.875,88,5214.01025390625,5.562431812286377,0.47535616159439087,0
21,Puebla,2013,,1168784.875,88,5694.60009765625,5.758326530456543,0.43331438302993774,0
21,Puebla,2014,,1222093.25,89,5777.919921875,6.177828788757324,0.4782676696777344,0
22,Queretaro,2004,,902397.8125,9,5875.580078125,6.8571906089782715,0.70316481590271,0
22,Queretaro,2005,,895094.0625,7,5176.669921875,6.3453545570373535,0.7120405435562134,0
22,Queretaro,2006,,931554.5625,6,5297.25,6.49709939956665,0.547451376914978,0
22,Queretaro,2007,,891116.25,6,4836.169921875,6.058933258056641,0.5272626280784607,0
22,Queretaro,2008,,969859,6,5334.91015625,6.71159553527832,0.46779197454452515,0
22,Queretaro,2009,,858635.5,5,4808,6.586627006530762,0.5109325051307678,0
22,Queretaro,2010,,955631.625,7,4954.23974609375,6.417540550231934,0.5205970406532288,0
22,Queretaro,2011,,956383,6,4769.98974609375,6.09946870803833,0.6049586534500122,0
22,Queretaro,2012,,1068025.25,7,5049.16015625,6.373435020446777,0.5817928314208984,0
22,Queretaro,2013,,1362603.875,7,6169.75,7.0931010246276855,0.5817928314208984,0
22,Queretaro,2014,,1178430.5,8,5015.22998046875,6.130941390991211,0.5985569357872009,0
23,Quintana Roo,2004,,10667.9404296875,1,65.41999816894531,0.10607350617647171,1,2.684252977371216
23,Quintana Roo,2005,,13402.0703125,1,77.08000183105469,0.12327475100755692,0.9639987945556641,1.6073315143585205
23,Quintana Roo,2006,,15662.5,1,98.75,0.15029717981815338,0.9655362963676453,2.233757257461548
23,Quintana Roo,2007,,2743.64990234375,1,18.670000076293945,0.028811518102884293,0.9639987945556641,2.5614986419677734
23,Quintana Roo,2008,,2072.409912109375,1,10.579999923706055,0.0162212997674942,0.9628891348838806,2.538968801498413
23,Quintana Roo,2009,,1342.25,1,7.829999923706055,0.013255431316792965,0.9652512073516846,2.6268539428710938
23,Quintana Roo,2010,,513.5700073242188,1,5,0.008438046090304852,0.9642441868782043,2.5817275047302246
23,Quintana Roo,2011,,435,1,5,0.0085394736379385,0.9652512073516846,2.5737030506134033
23,Quintana Roo,2012,,435.67999267578125,1,5,0.008761711418628693,0.9652511477470398,2.7079696655273438
23,Quintana Roo,2013,,390.2699890136719,1,4.25,0.006906759925186634,0.9652512073516846,2.802433490753174
23,Quintana Roo,2014,,467.9700012207031,1,4,0.006675166077911854,0.9666441082954407,2.2541563510894775
24,San Luis Potosi,2004,,27053.1796875,6,178.47000122070312,0.22590559720993042,0.7328940629959106,2.480281114578247
24,San Luis Potosi,2005,,21851.55078125,6,142.5,0.18591228127479553,0.7408808469772339,2.532174825668335
24,San Luis Potosi,2006,,21181.08984375,6,122.75,0.16439945995807648,0.7519468069076538,2.4328036308288574
24,San Luis Potosi,2007,,23119.041015625,7,127.31000518798828,0.178676038980484,0.7408808469772339,2.4352176189422607
24,San Luis Potosi,2008,,23654.560546875,7,157.08999633789062,0.2264561802148819,0.7328940629959106,2.4695658683776855
24,San Luis Potosi,2009,,24287.25,6,137.94000244140625,0.21665099263191223,0.7035632133483887,2.094080686569214
24,San Luis Potosi,2010,,24772.388671875,5,149.75,0.2302866131067276,0.6616007089614868,1.924692988395691
24,San Luis Potosi,2011,,23573.400390625,4,127.50999450683594,0.19685213267803192,0.7035632133483887,1.9918376207351685
24,San Luis Potosi,2012,,22360.708984375,3,115,0.17940013110637665,0.6711309552192688,1.9240046739578247
24,San Luis Potosi,2013,,21312.830078125,3,107.16000366210938,0.15489859879016876,0.6290892362594604,2.0064327716827393
24,San Luis Potosi,2014,,22957.361328125,3,106.75,0.1626466065645218,0.6842994689941406,2.083885908126831
25,Sinaloa,2004,,47.68000030517578,1,1,0.0009773403871804476,1,2.891571521759033
25,Sinaloa,2005,,46.040000915527344,1,1,0.0010235212976112962,1,3.1623237133026123
25,Sinaloa,2006,,0,0,0,0,1,0
25,Sinaloa,2007,,0,0,0,0,1,0
25,Sinaloa,2008,,0,0,0,0,1,0
25,Sinaloa,2009,,0,0,0,0,1,0
25,Sinaloa,2010,,0,0,0,0,1,0
25,Sinaloa,2011,,92.70999908447266,1,1.4299999475479126,0.0016905860975384712,1,3.0626914501190186
25,Sinaloa,2012,,61.75,1,1,0.0012014913372695446,1,3.3185977935791016
25,Sinaloa,2013,,64.1500015258789,1,1,0.0011449509765952826,1,3.3661441802978516
25,Sinaloa,2014,,66.6500015258789,1,1,0.0012053557438775897,1,3.3833682537078857
26,Sonora,2004,,3726.22998046875,4,34.58000183105469,0.027667978778481483,0.8275921940803528,2.355382204055786
26,Sonora,2005,,4155.69970703125,4,39.34000015258789,0.03248496726155281,0.8327473998069763,2.4689524173736572
26,Sonora,2006,,3773.510009765625,4,42.08000183105469,0.034358322620391846,0.8398901224136353,2.508488416671753
26,Sonora,2007,,4450.25,4,52.08000183105469,0.0449301116168499,0.8327473998069763,2.499478578567505
26,Sonora,2008,,4136.580078125,4,43.839996337890625,0.03948640823364258,0.8275921940803528,3.228950262069702
26,Sonora,2009,,3352.530029296875,3,33.25,0.03322000056505203,0.8385657072067261,3.2973413467407227
26,Sonora,2010,,1066,3,10.920000076293945,0.010533710941672325,0.8338874578475952,3.0356569290161133
26,Sonora,2011,,763,1,7,0.006877679843455553,0.8385656476020813,2.7997896671295166
26,Sonora,2012,,629.3499755859375,1,5.829999923706055,0.005790006369352341,0.8385656476020813,2.713193416595459
26,Sonora,2013,,698.8699951171875,1,6.329999923706055,0.005925990175455809,0.8385657072067261,2.752066135406494
26,Sonora,2014,,777.260009765625,1,7.349999904632568,0.0073959617875516415,0.8179654479026794,2.8936426639556885
27,Tabasco,2004,,0,0,0,0,0.9628891348838806,0
27,Tabasco,2005,,0,0,0,0,0.9639987945556641,0
27,Tabasco,2006,,0,0,0,0,1,0
27,Tabasco,2007,,0,0,0,0,0.9639987945556641,0
27,Tabasco,2008,,0,0,0,0,0.9628891348838806,0
27,Tabasco,2009,,0,0,0,0,0.9652512073516846,0
27,Tabasco,2010,,0,0,0,0,1,0
27,Tabasco,2011,,0,0,0,0,1,0
27,Tabasco,2012,,0,0,0,0,1,0
27,Tabasco,2013,,0,0,0,0,1,0
27,Tabasco,2014,,0,0,0,0,1,0
28,Tamaulipas,2004,,3337.52001953125,2,16,0.009700478985905647,0.8219224810600281,3.0481743812561035
28,Tamaulipas,2005,,3536.97998046875,1,13.829999923706055,0.00868266448378563,0.9007496237754822,3.007493257522583
28,Tamaulipas,2006,,7366.52001953125,3,17.829999923706055,0.011502755805850029,0.9049882292747498,3.1738929748535156
28,Tamaulipas,2007,,6893.1796875,4,24.670000076293945,0.01711697317659855,0.84474778175354,3.3757271766662598
28,Tamaulipas,2008,,14168.58984375,4,97.00999450683594,0.0692833885550499,0.8399624824523926,3.483306884765625
28,Tamaulipas,2009,,8995.259765625,4,38.4900016784668,0.031536802649497986,0.7792031168937683,3.3836781978607178
28,Tamaulipas,2010,,6342.6201171875,3,23.489999771118164,0.019322723150253296,0.7728046178817749,3.2493679523468018
28,Tamaulipas,2011,,4501.06005859375,3,20,0.017522457987070084,0.7792031168937683,3.21732497215271
28,Tamaulipas,2012,,340.92999267578125,1,3.1700000762939453,0.0028809281066060066,0.7359601259231567,3.0131070613861084
28,Tamaulipas,2013,,329.3299865722656,1,2.75,0.0024017987307161093,0.79001384973526,3.125763416290283
28,Tamaulipas,2014,,0,0,0,0,0.7984312772750854,0
29,Tlaxcala,2004,,365294.65625,48,2945.919921875,13.297815322875977,0.561579704284668,0
29,Tlaxcala,2005,,378371.40625,49,2856.4501953125,13.454630851745605,0.5221872329711914,0
29,Tlaxcala,2006,,391223.15625,49,2733.239990234375,13.671923637390137,0.44164055585861206,0
29,Tlaxcala,2007,,387033.625,47,2603.760009765625,14.200042724609375,0.3687298893928528,0
29,Tlaxcala,2008,,400913.84375,47,2512.949951171875,14.504812240600586,0.39875346422195435,0
29,Tlaxcala,2009,,389515.8125,47,2303.050048828125,15.360432624816895,0.48691755533218384,0
29,Tlaxcala,2010,,414474.6875,45,2364.840087890625,15.470487594604492,0.4287889003753662,0
29,Tlaxcala,2011,,443987.5625,43,2428.489990234375,16.35102653503418,0.4448757767677307,0
29,Tlaxcala,2012,,450454.0625,42,2303.580078125,15.309843063354492,0.4448758363723755,0
29,Tlaxcala,2013,,477817.53125,41,2324.969970703125,14.156336784362793,0.4639536142349243,0
29,Tlaxcala,2014,,505982.8125,38,2427.75,16.22255516052246,0.4632040858268738,0
30,Veracruz,2004,,34126.48046875,5,268.54998779296875,0.1496463268995285,0.938148558139801,3.652991533279419
30,Veracruz,2005,,47339.1484375,3,342.6700134277344,0.20380446314811707,0.9399980306625366,3.556976318359375
30,Veracruz,2006,,52776.12890625,1,342.5799865722656,0.20821812748908997,0.9425604343414307,3.5448718070983887
30,Veracruz,2007,,57873.87109375,1,355.3299865722656,0.2272167056798935,0.9063968658447266,3.4417366981506348
30,Veracruz,2008,,57059.390625,1,343.5,0.22470462322235107,0.9406226277351379,3.8675410747528076
30,Veracruz,2009,,57375,1,328.0799865722656,0.22337238490581512,0.9347923398017883,3.898084878921509
30,Veracruz,2010,,64156.26171875,1,336.8299865722656,0.2280251681804657,0.8995306491851807,3.705425500869751
30,Veracruz,2011,,71604.5859375,2,366.6400146484375,0.2598101794719696,0.9023601412773132,3.6688852310180664
30,Veracruz,2012,,75740.8125,2,363.25,0.2602376639842987,0.9023601412773132,2.9641778469085693
30,Veracruz,2013,,77933.7421875,2,356,0.24451389908790588,0.9023601412773132,2.911198377609253
30,Veracruz,2014,,79644.7109375,2,344.3399963378906,0.2546781599521637,0.8729182481765747,3.2668352127075195
31,Yucatan,2004,,40795.3203125,18,430.9200134277344,0.6169974207878113,0.7954544425010681,2.4458937644958496
31,Yucatan,2005,,46908.30859375,17,462.25,0.6976813673973083,0.8015705943107605,2.560183525085449
31,Yucatan,2006,,53138.34765625,16,506.28997802734375,0.791404128074646,0.8100447654724121,2.5631000995635986
31,Yucatan,2007,,44641.0703125,16,438.20001220703125,0.7255974411964417,0.7455687522888184,2.396402597427368
31,Yucatan,2008,,45790.9375,19,488.9700012207031,0.8313182592391968,0.7129858732223511,2.4762017726898193
31,Yucatan,2009,,38497.640625,18,452.67999267578125,0.8297742605209351,0.8794189691543579,2.788119316101074
31,Yucatan,2010,,39529.1171875,19,413.67999267578125,0.7617560029029846,0.8425525426864624,2.6409335136413574
31,Yucatan,2011,,31738.5390625,19,365.7799987792969,0.7054603695869446,0.8794189691543579,2.5744080543518066
31,Yucatan,2012,,29116.740234375,16,309.0199890136719,0.5973807573318481,0.8794189095497131,2.54451584815979
31,Yucatan,2013,,27715.029296875,17,274.0199890136719,0.49277976155281067,0.7929329872131348,2.4066221714019775
31,Yucatan,2014,,23981.080078125,16,255.91000366210938,0.485909640789032,0.8012334108352661,2.3429605960845947
32,Zacatecas,2004,,157.13999938964844,1,1.4299999475479126,0.0040969341062009335,0.9087691307067871,1.751035213470459
32,Zacatecas,2005,,100,1,1,0.003125903895124793,0.9474982619285583,1.4575905799865723
32,Zacatecas,2006,,0,0,0,0,0.9655362963676453,0
32,Zacatecas,2007,,0,0,0,0,1,0
32,Zacatecas,2008,,0,0,0,0,1,0
32,Zacatecas,2009,,0,0,0,0,1,0
32,Zacatecas,2010,,0,0,0,0,1,0
32,Zacatecas,2011,,0,0,0,0,1,0
32,Zacatecas,2012,,0,0,0,0,1,0
32,Zacatecas,2013,,0,0,0,0,1,0
32,Zacatecas,2014,,0,0,0,0,1,0